計數 - hold racket handed,欄標籤,,,,,,,,,,,
列標籤,1,2,3,4,5,6,7,8,9,10,總計,
1,34,34,34,34,34,34,35,37,614,737,1627,
1,28,28,28,28,28,28,28,31,492,571,1290,
2,6,6,6,6,6,6,7,6,122,166,337,0.26124031
2,8,8,8,8,8,8,9,8,171,92,328,0.201598033
1,7,7,7,7,7,7,8,7,160,82,299,
2,1,1,1,1,1,1,1,1,11,10,29,0.096989967
總計,42,42,42,42,42,42,44,45,785,829,1955,
